[{"tick":0,"troops":512,"land":12,"remaining":0,"oi":512,"tax":0},{"tick":1,"troops":512,"land":12,"remaining":0,"oi":512,"tax":0},{"tick":2,"troops":512,"land":12,"remaining":0,"oi":512,"tax":0},{"tick":3,"troops":512,"land":12,"remaining":0,"oi":512,"tax":0},{"tick":4,"troops":512,"land":12,"remaining":0,"oi":512,"tax":0},{"tick":5,"troops":512,"land":12,"remaining":0,"oi":512,"tax":0},{"tick":6,"troops":512,"land":12,"remaining":0,"oi":512,"tax":0},{"tick":7,"troops":512,"land":12,"remaining":0,"oi":512,"tax":0},{"tick":8,"troops":512,"land":12,"remaining":0,"oi":512,"tax":0},{"tick":9,"troops":547,"land":12,"remaining":0,"oi":547,"tax":0},{"tick":10,"troops":547,"land":12,"remaining":0,"oi":547,"tax":0},{"tick":11,"troops":547,"land":12,"remaining":0,"oi":547,"tax":0},{"tick":12,"troops":547,"land":12,"remaining":0,"oi":547,"tax":0},{"tick":13,"troops":547,"land":12,"remaining":0,"oi":547,"tax":0},{"tick":14,"troops":547,"land":12,"remaining":0,"oi":547,"tax":0},{"tick":15,"troops":547,"land":12,"remaining":0,"oi":547,"tax":0},{"tick":16,"troops":547,"land":12,"remaining":0,"oi":547,"tax":0},{"tick":17,"troops":547,"land":12,"remaining":0,"oi":547,"tax":0},{"tick":18,"troops":547,"land":12,"remaining":0,"oi":547,"tax":0},{"tick":19,"troops":584,"land":12,"remaining":0,"oi":584,"tax":0},{"tick":20,"troops":584,"land":12,"remaining":0,"oi":584,"tax":0},{"tick":21,"troops":584,"land":12,"remaining":0,"oi":584,"tax":0},{"tick":22,"troops":584,"land":12,"remaining":0,"oi":584,"tax":0},{"tick":23,"troops":584,"land":12,"remaining":0,"oi":584,"tax":0},{"tick":24,"troops":584,"land":12,"remaining":0,"oi":584,"tax":0},{"tick":25,"troops":584,"land":12,"remaining":0,"oi":584,"tax":0},{"tick":26,"troops":584,"land":12,"remaining":0,"oi":584,"tax":0},{"tick":27,"troops":584,"land":12,"remaining":0,"oi":584,"tax":0},{"tick":28,"troops":584,"land":12,"remaining":0,"oi":584,"tax":0},{"tick":29,"troops":624,"land":12,"remaining":0,"oi":624,"tax":0},{"tick":30,"troops":624,"land":12,"remaining":0,"oi":624,"tax":0},{"tick":31,"troops":624,"land":12,"remaining":0,"oi":624,"tax":0},{"tick":32,"troops":624,"land":12,"remaining":0,"oi":624,"tax":0},{"tick":33,"troops":624,"land":12,"remaining":0,"oi":624,"tax":0},{"tick":34,"troops":624,"land":12,"remaining":0,"oi":624,"tax":0},{"tick":35,"troops":624,"land":12,"remaining":0,"oi":624,"tax":0},{"tick":36,"troops":624,"land":12,"remaining":0,"oi":624,"tax":0},{"tick":37,"troops":624,"land":12,"remaining":0,"oi":624,"tax":0},{"tick":38,"troops":624,"land":12,"remaining":0,"oi":624,"tax":0},{"tick":39,"troops":666,"land":12,"remaining":0,"oi":666,"tax":0},{"tick":40,"troops":666,"land":12,"remaining":0,"oi":666,"tax":0},{"tick":41,"troops":666,"land":12,"remaining":0,"oi":666,"tax":0},{"tick":42,"troops":666,"land":12,"remaining":0,"oi":666,"tax":0},{"tick":43,"troops":666,"land":12,"remaining":0,"oi":666,"tax":0},{"tick":44,"troops":666,"land":12,"remaining":0,"oi":666,"tax":0},{"tick":45,"troops":666,"land":12,"remaining":0,"oi":666,"tax":0},{"tick":46,"troops":666,"land":12,"remaining":0,"oi":666,"tax":0},{"tick":47,"troops":666,"land":12,"remaining":0,"oi":666,"tax":0},{"tick":48,"troops":666,"land":12,"remaining":0,"oi":666,"tax":0},{"tick":49,"troops":711,"land":12,"remaining":0,"oi":711,"tax":0},{"tick":50,"troops":711,"land":12,"remaining":0,"oi":711,"tax":0},{"tick":51,"troops":711,"land":12,"remaining":0,"oi":711,"tax":0},{"tick":52,"troops":711,"land":12,"remaining":0,"oi":711,"tax":0},{"tick":53,"troops":711,"land":12,"remaining":0,"oi":711,"tax":0},{"tick":54,"troops":711,"land":12,"remaining":0,"oi":711,"tax":0},{"tick":55,"troops":711,"land":12,"remaining":0,"oi":711,"tax":0},{"tick":56,"troops":711,"land":12,"remaining":0,"oi":711,"tax":0},{"tick":57,"troops":711,"land":12,"remaining":0,"oi":711,"tax":0},{"tick":58,"troops":711,"land":12,"remaining":0,"oi":711,"tax":0},{"tick":59,"troops":759,"land":12,"remaining":0,"oi":759,"tax":0},{"tick":60,"troops":759,"land":12,"remaining":0,"oi":759,"tax":0},{"tick":61,"troops":759,"land":12,"remaining":0,"oi":759,"tax":0},{"tick":62,"troops":759,"land":12,"remaining":0,"oi":759,"tax":0},{"tick":63,"troops":750,"land":12,"remaining":1,"oi":759,"tax":8},{"tick":64,"troops":750,"land":12,"remaining":1,"oi":759,"tax":8},{"tick":65,"troops":750,"land":12,"remaining":1,"oi":759,"tax":8},{"tick":66,"troops":750,"land":12,"remaining":1,"oi":759,"tax":8},{"tick":67,"troops":750,"land":12,"remaining":1,"oi":759,"tax":8},{"tick":68,"troops":750,"land":12,"remaining":1,"oi":759,"tax":8},{"tick":69,"troops":800,"land":12,"remaining":1,"oi":809,"tax":8},{"tick":70,"troops":624,"land":24,"remaining":144,"oi":809,"tax":17},{"tick":71,"troops":624,"land":24,"remaining":144,"oi":809,"tax":17},{"tick":72,"troops":624,"land":24,"remaining":144,"oi":809,"tax":17},{"tick":73,"troops":624,"land":24,"remaining":144,"oi":809,"tax":17},{"tick":74,"troops":624,"land":40,"remaining":112,"oi":809,"tax":17},{"tick":75,"troops":624,"land":40,"remaining":112,"oi":809,"tax":17},{"tick":76,"troops":624,"land":40,"remaining":112,"oi":809,"tax":17},{"tick":77,"troops":624,"land":40,"remaining":112,"oi":809,"tax":17},{"tick":78,"troops":624,"land":60,"remaining":72,"oi":809,"tax":17},{"tick":79,"troops":666,"land":60,"remaining":72,"oi":851,"tax":17},{"tick":80,"troops":666,"land":60,"remaining":72,"oi":851,"tax":17},{"tick":81,"troops":666,"land":60,"remaining":72,"oi":851,"tax":17},{"tick":82,"troops":666,"land":84,"remaining":24,"oi":851,"tax":17},{"tick":83,"troops":666,"land":84,"remaining":24,"oi":851,"tax":17},{"tick":84,"troops":531,"land":84,"remaining":152,"oi":851,"tax":24},{"tick":85,"troops":531,"land":84,"remaining":152,"oi":851,"tax":24},{"tick":86,"troops":531,"land":112,"remaining":96,"oi":851,"tax":24},{"tick":87,"troops":531,"land":112,"remaining":96,"oi":851,"tax":24},{"tick":88,"troops":531,"land":112,"remaining":96,"oi":851,"tax":24},{"tick":89,"troops":566,"land":112,"remaining":96,"oi":886,"tax":24},{"tick":90,"troops":566,"land":144,"remaining":32,"oi":886,"tax":24},{"tick":91,"troops":400,"land":144,"remaining":192,"oi":886,"tax":30},{"tick":92,"troops":400,"land":144,"remaining":192,"oi":886,"tax":30},{"tick":93,"troops":400,"land":144,"remaining":192,"oi":886,"tax":30},{"tick":94,"troops":400,"land":180,"remaining":120,"oi":886,"tax":30},{"tick":95,"troops":400,"land":180,"remaining":120,"oi":886,"tax":30},{"tick":96,"troops":400,"land":180,"remaining":120,"oi":886,"tax":30},{"tick":97,"troops":400,"land":180,"remaining":120,"oi":886,"tax":30},{"tick":98,"troops":400,"land":220,"remaining":40,"oi":886,"tax":30},{"tick":99,"troops":646,"land":220,"remaining":40,"oi":1132,"tax":30},{"tick":100,"troops":646,"land":220,"remaining":40,"oi":1132,"tax":30},{"tick":101,"troops":646,"land":220,"remaining":40,"oi":1132,"tax":30},{"tick":102,"troops":686,"land":220,"remaining":0,"oi":1132,"tax":30},{"tick":103,"troops":686,"land":220,"remaining":0,"oi":1132,"tax":30},{"tick":104,"troops":686,"land":220,"remaining":0,"oi":1132,"tax":30},{"tick":105,"troops":686,"land":220,"remaining":0,"oi":1132,"tax":30},{"tick":106,"troops":686,"land":220,"remaining":0,"oi":1132,"tax":30},{"tick":107,"troops":686,"land":220,"remaining":0,"oi":1132,"tax":30},{"tick":108,"troops":686,"land":220,"remaining":0,"oi":1132,"tax":30},{"tick":109,"troops":731,"land":220,"remaining":0,"oi":1177,"tax":30},{"tick":110,"troops":731,"land":220,"remaining":0,"oi":1177,"tax":30},{"tick":111,"troops":731,"land":220,"remaining":0,"oi":1177,"tax":30},{"tick":112,"troops":731,"land":220,"remaining":0,"oi":1177,"tax":30},{"tick":113,"troops":731,"land":220,"remaining":0,"oi":1177,"tax":30},{"tick":114,"troops":731,"land":220,"remaining":0,"oi":1177,"tax":30},{"tick":115,"troops":731,"land":220,"remaining":0,"oi":1177,"tax":30},{"tick":116,"troops":731,"land":220,"remaining":0,"oi":1177,"tax":30},{"tick":117,"troops":731,"land":220,"remaining":0,"oi":1177,"tax":30},{"tick":118,"troops":731,"land":220,"remaining":0,"oi":1177,"tax":30},{"tick":119,"troops":779,"land":220,"remaining":0,"oi":1225,"tax":30},{"tick":120,"troops":779,"land":220,"remaining":0,"oi":1225,"tax":30},{"tick":121,"troops":779,"land":220,"remaining":0,"oi":1225,"tax":30},{"tick":122,"troops":779,"land":220,"remaining":0,"oi":1225,"tax":30},{"tick":123,"troops":779,"land":220,"remaining":0,"oi":1225,"tax":30},{"tick":124,"troops":779,"land":220,"remaining":0,"oi":1225,"tax":30},{"tick":125,"troops":779,"land":220,"remaining":0,"oi":1225,"tax":30},{"tick":126,"troops":779,"land":220,"remaining":0,"oi":1225,"tax":30},{"tick":127,"troops":779,"land":220,"remaining":0,"oi":1225,"tax":30},{"tick":128,"troops":779,"land":220,"remaining":0,"oi":1225,"tax":30},{"tick":129,"troops":830,"land":220,"remaining":0,"oi":1276,"tax":30},{"tick":130,"troops":830,"land":220,"remaining":0,"oi":1276,"tax":30},{"tick":131,"troops":830,"land":220,"remaining":0,"oi":1276,"tax":30},{"tick":132,"troops":830,"land":220,"remaining":0,"oi":1276,"tax":30},{"tick":133,"troops":830,"land":220,"remaining":0,"oi":1276,"tax":30},{"tick":134,"troops":830,"land":220,"remaining":0,"oi":1276,"tax":30},{"tick":135,"troops":830,"land":220,"remaining":0,"oi":1276,"tax":30},{"tick":136,"troops":830,"land":220,"remaining":0,"oi":1276,"tax":30},{"tick":137,"troops":830,"land":220,"remaining":0,"oi":1276,"tax":30},{"tick":138,"troops":830,"land":220,"remaining":0,"oi":1276,"tax":30},{"tick":139,"troops":884,"land":220,"remaining":0,"oi":1330,"tax":30},{"tick":140,"troops":884,"land":220,"remaining":0,"oi":1330,"tax":30},{"tick":141,"troops":884,"land":220,"remaining":0,"oi":1330,"tax":30},{"tick":142,"troops":884,"land":220,"remaining":0,"oi":1330,"tax":30},{"tick":143,"troops":884,"land":220,"remaining":0,"oi":1330,"tax":30},{"tick":144,"troops":884,"land":220,"remaining":0,"oi":1330,"tax":30},{"tick":145,"troops":884,"land":220,"remaining":0,"oi":1330,"tax":30},{"tick":146,"troops":884,"land":220,"remaining":0,"oi":1330,"tax":30},{"tick":147,"troops":884,"land":220,"remaining":0,"oi":1330,"tax":30},{"tick":148,"troops":884,"land":220,"remaining":0,"oi":1330,"tax":30},{"tick":149,"troops":941,"land":220,"remaining":0,"oi":1387,"tax":30},{"tick":150,"troops":941,"land":220,"remaining":0,"oi":1387,"tax":30},{"tick":151,"troops":941,"land":220,"remaining":0,"oi":1387,"tax":30},{"tick":152,"troops":941,"land":220,"remaining":0,"oi":1387,"tax":30},{"tick":153,"troops":941,"land":220,"remaining":0,"oi":1387,"tax":30},{"tick":154,"troops":929,"land":220,"remaining":1,"oi":1387,"tax":41},{"tick":155,"troops":929,"land":220,"remaining":1,"oi":1387,"tax":41},{"tick":156,"troops":929,"land":220,"remaining":1,"oi":1387,"tax":41},{"tick":157,"troops":929,"land":220,"remaining":1,"oi":1387,"tax":41},{"tick":158,"troops":929,"land":220,"remaining":1,"oi":1387,"tax":41},{"tick":159,"troops":989,"land":220,"remaining":1,"oi":1447,"tax":41},{"tick":160,"troops":989,"land":220,"remaining":1,"oi":1447,"tax":41},{"tick":161,"troops":727,"land":264,"remaining":164,"oi":1447,"tax":52},{"tick":162,"troops":727,"land":264,"remaining":164,"oi":1447,"tax":52},{"tick":163,"troops":727,"land":264,"remaining":164,"oi":1447,"tax":52},{"tick":164,"troops":727,"land":264,"remaining":164,"oi":1447,"tax":52},{"tick":165,"troops":727,"land":312,"remaining":68,"oi":1447,"tax":52},{"tick":166,"troops":727,"land":312,"remaining":68,"oi":1447,"tax":52},{"tick":167,"troops":727,"land":312,"remaining":68,"oi":1447,"tax":52},{"tick":168,"troops":479,"land":312,"remaining":308,"oi":1447,"tax":60},{"tick":169,"troops":509,"land":364,"remaining":204,"oi":1477,"tax":60},{"tick":170,"troops":509,"land":364,"remaining":204,"oi":1477,"tax":60},{"tick":171,"troops":509,"land":364,"remaining":204,"oi":1477,"tax":60},{"tick":172,"troops":509,"land":364,"remaining":204,"oi":1477,"tax":60},{"tick":173,"troops":509,"land":420,"remaining":92,"oi":1477,"tax":60},{"tick":174,"troops":509,"land":420,"remaining":92,"oi":1477,"tax":60},{"tick":175,"troops":237,"land":420,"remaining":359,"oi":1477,"tax":65},{"tick":176,"troops":237,"land":420,"remaining":359,"oi":1477,"tax":65},{"tick":177,"troops":237,"land":480,"remaining":239,"oi":1477,"tax":65},{"tick":178,"troops":237,"land":480,"remaining":239,"oi":1477,"tax":65},{"tick":179,"troops":252,"land":480,"remaining":239,"oi":1492,"tax":65},{"tick":180,"troops":252,"land":480,"remaining":239,"oi":1492,"tax":65},{"tick":181,"troops":252,"land":544,"remaining":111,"oi":1492,"tax":65}]